{
	"component": "Component_01",
	"action": "attach",
	"polygon_key": "cap_polygon_translated",
	"success": true,
	"error": "",
	"actor_name": "FromLZ_ReconstructedFace_Press_04_Component_01",
	"cap_width": 1720,
	"cap_height": 1222,
	"faces_width": 1720,
	"faces_height": 1222,
	"cap_mask_pixels": 42339,
	"min_overlap_pixels": 2117,
	"green_line_vector_2d": [
		0.82404192419936761,
		-0.56652882288706519
	],
	"green_line_vectors_2d": [
		[
			0.96230940310719915,
			-0.27195700522594757
		],
		[
			0.78086880944303039,
			-0.62469504755442429
		],
		[
			0.97854978498674905,
			-0.2060104810498419
		],
		[
			0.94868329805051377,
			0.31622776601683794
		],
		[
			0.82404192419936761,
			-0.56652882288706519
		],
		[
			1,
			0
		],
		[
			0.88813023448368777,
			-0.45959186959295728
		],
		[
			0.44721359549995793,
			-0.89442719099991586
		],
		[
			0.79740638560231603,
			-0.60344267018553643
		],
		[
			0.98754946837801427,
			-0.15730876487437395
		],
		[
			0.94868329805051377,
			0.31622776601683794
		],
		[
			0.24253562503633297,
			-0.97014250014533188
		],
		[
			0.69707839329180765,
			-0.71699491881443067
		],
		[
			-0.99503719020998915,
			0.099503719020998915
		],
		[
			0.75925660236529657,
			-0.65079137345596849
		],
		[
			0.34174306308670438,
			-0.93979342348843709
		],
		[
			0.89783207036795143,
			-0.44033802177281695
		],
		[
			0.40613846605344767,
			-0.91381154862025726
		]
	],
	"normal_parallel_threshold_degrees": 10,
	"selected_face_id": 1,
	"selected_plane_hit_3d": [
		43.047612115636355,
		-50.198045086722686,
		220.89959882592171
	],
	"candidates": [
		{
			"face_id": 1,
			"overlap_pixels": 42339,
			"overlap_ratio": 1,
			"mask_centroid_2d": [
				606.28927230213276,
				552.89705708684664
			],
			"has_plane_hit": true,
			"plane_hit_3d": [
				43.047612115636355,
				-50.198045086722686,
				220.89959882592171
			],
			"distance_to_camera": 731.59335268199914,
			"has_projected_normal": true,
			"projected_normal_2d": [
				0.75043149223356154,
				-0.66094823962554738
			],
			"normal_green_angle_degrees": 0.77093644267664563,
			"normal_parallel_pass": true
		}
	],
	"mesh_vertices_world": [
		[
			498.92000000000002,
			-50.915999999999997,
			499.661
		],
		[
			-499.27499999999998,
			-49.941000000000003,
			499.86000000000001
		],
		[
			-499.03199999999998,
			-49.453000000000003,
			0.28499999999999998
		],
		[
			498.166,
			-50.427,
			0.30199999999999999
		]
	],
	"mesh_triangles": [
		[
			3,
			0,
			1
		],
		[
			1,
			2,
			3
		]
	]
}