{
	"component": "Component_01",
	"action": "attach",
	"source_polygon_key": "cap_polygon_translated",
	"copied_polygon_key": "cap_polygon",
	"success": true,
	"error": "",
	"warning": "",
	"actor_name": "FromLZ_ReconstructedSolid_Press_04_Component_01",
	"cap_width": 1720,
	"cap_height": 1222,
	"faces_width": 1720,
	"faces_height": 1222,
	"selected_source_face_id": 1,
	"source_plane_point": [
		-12.292,
		-50.173000000000002,
		250.68299999999999
	],
	"source_plane_normal": [
		-0.00097999905880935588,
		-0.99999903960138359,
		-0.00097999905880935588
	],
	"oriented_normal_source_to_copied": [
		-0.00097999905880935588,
		-0.99999903960138359,
		-0.00097999905880935588
	],
	"source_to_copied_vector_2d": [
		-144,
		99
	],
	"projected_oriented_normal_2d": [
		-0.75043149223356154,
		0.66094823962554738
	],
	"extrusion_depth": 261.28197592152202,
	"max_depth_sample_reprojection_error_pixels": 131.06129291289631,
	"mean_copied_reprojection_error_pixels": 20.883828774956267,
	"max_copied_reprojection_error_pixels": 20.883828774956445,
	"depth_samples": [
		{
			"index": 0,
			"valid": true,
			"error": "",
			"source_pixel_2d": [
				708,
				468
			],
			"copied_pixel_2d": [
				564,
				567
			],
			"source_world": [
				-58.42979009951793,
				-50.202710573480488,
				327.13770181430101
			],
			"point_on_extrusion": [
				-58.685846190004874,
				-311.48443556015434,
				326.88164572381407
			],
			"point_on_copied_ray": [
				-58.685846190004874,
				-311.48443556015434,
				326.88164572381407
			],
			"depth": 261.28197592152202,
			"closest_world_distance": 0,
			"reprojection_error_pixels": 20.883828774956285
		},
		{
			"index": 1,
			"valid": true,
			"error": "",
			"source_pixel_2d": [
				701,
				544
			],
			"copied_pixel_2d": [
				557,
				643
			],
			"source_world": [
				-51.411849776780798,
				-50.134136908736991,
				250.14663420232768
			],
			"point_on_extrusion": [
				-51.667905867267741,
				-311.41586189541084,
				249.89057811184074
			],
			"point_on_copied_ray": [
				-51.667905867267741,
				-311.41586189541084,
				249.89057811184074
			],
			"depth": 261.28197592152202,
			"closest_world_distance": 0,
			"reprojection_error_pixels": 20.883828774956296
		},
		{
			"index": 2,
			"valid": true,
			"error": "",
			"source_pixel_2d": [
				699,
				661
			],
			"copied_pixel_2d": [
				555,
				760
			],
			"source_world": [
				-49.360548192128817,
				-50.021845482134154,
				133.51224424743083
			],
			"point_on_extrusion": [
				-49.616604282615761,
				-311.303570468808,
				133.25618815694389
			],
			"point_on_copied_ray": [
				-49.616604282615761,
				-311.303570468808,
				133.25618815694389
			],
			"depth": 261.28197592152202,
			"closest_world_distance": 0,
			"reprojection_error_pixels": 20.883828774956211
		},
		{
			"index": 3,
			"valid": true,
			"error": "",
			"source_pixel_2d": [
				668,
				661
			],
			"copied_pixel_2d": [
				524,
				760
			],
			"source_world": [
				-18.444201839614323,
				-50.045596485210353,
				126.83161531956006
			],
			"point_on_extrusion": [
				-18.700257930101262,
				-311.3273214718842,
				126.57555922907312
			],
			"point_on_copied_ray": [
				-18.700257930101262,
				-311.3273214718842,
				126.57555922907312
			],
			"depth": 261.28197592152202,
			"closest_world_distance": 0,
			"reprojection_error_pixels": 20.883828774956296
		},
		{
			"index": 4,
			"valid": true,
			"error": "",
			"source_pixel_2d": [
				665,
				660
			],
			"copied_pixel_2d": [
				521,
				759
			],
			"source_world": [
				-15.452781957256093,
				-50.048867821937847,
				127.17829413871169
			],
			"point_on_extrusion": [
				-15.708838047743033,
				-311.3305928086117,
				126.92223804822476
			],
			"point_on_copied_ray": [
				-15.708838047743033,
				-311.3305928086117,
				126.92223804822476
			],
			"depth": 261.28197592152202,
			"closest_world_distance": 0,
			"reprojection_error_pixels": 20.88382877495637
		},
		{
			"index": 5,
			"valid": true,
			"error": "",
			"source_pixel_2d": [
				663,
				661
			],
			"copied_pixel_2d": [
				519,
				760
			],
			"source_world": [
				-13.457694363402368,
				-50.049427292158157,
				125.75409452474224
			],
			"point_on_extrusion": [
				-13.713750453889308,
				-311.33115227883201,
				125.49803843425531
			],
			"point_on_copied_ray": [
				-13.713750453889308,
				-311.33115227883201,
				125.49803843425531
			],
			"depth": 261.28197592152202,
			"closest_world_distance": 0,
			"reprojection_error_pixels": 20.883828774956296
		},
		{
			"index": 6,
			"valid": true,
			"error": "",
			"source_pixel_2d": [
				660,
				660
			],
			"copied_pixel_2d": [
				516,
				759
			],
			"source_world": [
				-10.466274481044081,
				-50.052698628885651,
				126.10077334389388
			],
			"point_on_extrusion": [
				-10.722330571531021,
				-311.3344236155595,
				125.84471725340694
			],
			"point_on_copied_ray": [
				-10.722330571531021,
				-311.3344236155595,
				125.84471725340694
			],
			"depth": 261.28197592152202,
			"closest_world_distance": 0,
			"reprojection_error_pixels": 20.883828774956296
		},
		{
			"index": 7,
			"valid": true,
			"error": "",
			"source_pixel_2d": [
				621,
				664
			],
			"copied_pixel_2d": [
				477,
				763
			],
			"source_world": [
				28.430422246885428,
				-50.078687512842862,
				113.72334596014468
			],
			"point_on_extrusion": [
				28.174366156398488,
				-311.36041249951671,
				113.46728986965775
			],
			"point_on_copied_ray": [
				28.174366156398488,
				-311.36041249951671,
				113.46728986965775
			],
			"depth": 261.28197592152202,
			"closest_world_distance": 0,
			"reprojection_error_pixels": 20.88382877495637
		},
		{
			"index": 8,
			"valid": true,
			"error": "",
			"source_pixel_2d": [
				507,
				662
			],
			"copied_pixel_2d": [
				363,
				761
			],
			"source_world": [
				142.12182349778152,
				-50.167975616369517,
				91.142254430382536
			],
			"point_on_extrusion": [
				141.86576740729458,
				-311.44970060304337,
				90.8861983398956
			],
			"point_on_copied_ray": [
				141.86576740729458,
				-311.44970060304337,
				90.8861983398956
			],
			"depth": 261.28197592152202,
			"closest_world_distance": 0,
			"reprojection_error_pixels": 20.883828774956211
		},
		{
			"index": 9,
			"valid": true,
			"error": "",
			"source_pixel_2d": [
				506,
				592
			],
			"copied_pixel_2d": [
				362,
				691
			],
			"source_world": [
				143.08520275719735,
				-50.236841456876505,
				160.45014099439226
			],
			"point_on_extrusion": [
				142.82914666671041,
				-311.51856644355036,
				160.19408490390532
			],
			"point_on_copied_ray": [
				142.82914666671041,
				-311.51856644355036,
				160.19408490390532
			],
			"depth": 261.28197592152202,
			"closest_world_distance": 0,
			"reprojection_error_pixels": 20.883828774956296
		},
		{
			"index": 10,
			"valid": true,
			"error": "",
			"source_pixel_2d": [
				508,
				558
			],
			"copied_pixel_2d": [
				364,
				657
			],
			"source_world": [
				141.07412325216825,
				-50.268386121097251,
				194.64965337776368
			],
			"point_on_extrusion": [
				140.81806716168131,
				-311.5501111077711,
				194.39359728727675
			],
			"point_on_copied_ray": [
				140.81806716168131,
				-311.5501111077711,
				194.39359728727675
			],
			"depth": 261.28197592152202,
			"closest_world_distance": 0,
			"reprojection_error_pixels": 20.883828774956172
		},
		{
			"index": 11,
			"valid": true,
			"error": "",
			"source_pixel_2d": [
				504,
				465
			],
			"copied_pixel_2d": [
				360,
				564
			],
			"source_world": [
				145.01826111982547,
				-50.361926054625769,
				286.15442727385977
			],
			"point_on_extrusion": [
				144.76220502933853,
				-311.64365104129962,
				285.89837118337283
			],
			"point_on_copied_ray": [
				144.76220502933853,
				-311.64365104129962,
				285.89837118337283
			],
			"depth": 261.28197592152202,
			"closest_world_distance": 0,