{
	"component": "Component_01",
	"action": "excavate",
	"polygon_key": "cap_polygon",
	"success": true,
	"error": "",
	"actor_name": "FromLZ_ReconstructedFace_Press_03_Component_01",
	"cap_width": 1720,
	"cap_height": 1222,
	"faces_width": 1720,
	"faces_height": 1222,
	"cap_mask_pixels": 80239,
	"min_overlap_pixels": 4012,
	"green_line_vector_2d": [
		-0.89708903366019022,
		0.44184982254904892
	],
	"green_line_vectors_2d": [
		[
			0.95782628522115143,
			-0.28734788556634544
		],
		[
			-0.94868329805051377,
			-0.31622776601683794
		],
		[
			-0.97251149691521388,
			0.23285486545857234
		],
		[
			-0.94868329805051377,
			-0.31622776601683794
		],
		[
			-0.89708903366019022,
			0.44184982254904892
		],
		[
			-0.40613846605344767,
			0.91381154862025726
		]
	],
	"normal_parallel_threshold_degrees": 10,
	"selected_face_id": 1,
	"selected_plane_hit_3d": [
		-250.4847574153637,
		-50.065134913397856,
		338.65519965799655
	],
	"candidates": [
		{
			"face_id": 1,
			"overlap_pixels": 80201,
			"overlap_ratio": 0.99952641483567839,
			"mask_centroid_2d": [
				1146.1597174598821,
				509.97642797471354
			],
			"has_plane_hit": true,
			"plane_hit_3d": [
				-250.4847574153637,
				-50.065134913397856,
				338.65519965799655
			],
			"distance_to_camera": 812.13222666510023,
			"has_projected_normal": true,
			"projected_normal_2d": [
				-0.46731402896328278,
				0.88409139704789819
			],
			"normal_green_angle_degrees": 3.8975961492155204,
			"normal_parallel_pass": true
		}
	],
	"mesh_vertices_world": [
		[
			499.23899999999998,
			-50.956000000000003,
			500.202
		],
		[
			-499.935,
			-49.978999999999999,
			499.21899999999999
		],
		[
			-499.846,
			-49.491,
			0.25800000000000001
		],
		[
			499.32799999999997,
			-50.468000000000004,
			0.28999999999999998
		]
	],
	"mesh_triangles": [
		[
			3,
			0,
			1
		],
		[
			1,
			2,
			3
		]
	]
}