{
	"component": "Component_02",
	"action": "attach",
	"polygon_key": "cap_polygon_translated",
	"success": true,
	"error": "",
	"actor_name": "FromLZ_ReconstructedFace_Press_01_Component_02",
	"cap_width": 1720,
	"cap_height": 1222,
	"faces_width": 1720,
	"faces_height": 1222,
	"cap_mask_pixels": 42353,
	"min_overlap_pixels": 2118,
	"green_line_vector_2d": [
		0.76774791069847448,
		-0.64075201569571927
	],
	"green_line_vectors_2d": [
		[
			0.82384957231613698,
			-0.56680850575350217
		],
		[
			0.88813023448368777,
			-0.45959186959295728
		],
		[
			0.44721359549995793,
			-0.89442719099991586
		],
		[
			0.76774791069847448,
			-0.64075201569571927
		],
		[
			0,
			-1
		],
		[
			-0.31622776601683794,
			0.94868329805051377
		],
		[
			0.8654262854811261,
			-0.50103627054170463
		]
	],
	"normal_parallel_threshold_degrees": 10,
	"selected_face_id": 1,
	"selected_plane_hit_3d": [
		210.57395816674102,
		-50.587653695283052,
		395.30838395875099
	],
	"candidates": [
		{
			"face_id": 1,
			"overlap_pixels": 40427,
			"overlap_ratio": 0.95452506315963448,
			"mask_centroid_2d": [
				598.41510624087857,
				536.55664531130185
			],
			"has_plane_hit": true,
			"plane_hit_3d": [
				210.57395816674102,
				-50.587653695283052,
				395.30838395875099
			],
			"distance_to_camera": 950.16887496600498,
			"has_projected_normal": true,
			"projected_normal_2d": [
				0.47963482687545644,
				-0.87746819477867755
			],
			"normal_green_angle_degrees": 2.0965035228177178,
			"normal_parallel_pass": true
		}
	],
	"mesh_vertices_world": [
		[
			499.56799999999998,
			-50.970999999999997,
			499.60399999999998
		],
		[
			-499.827,
			-49.994,
			499.34699999999998
		],
		[
			-499.75700000000001,
			-49.506,
			-0.029000000000000001
		],
		[
			499.63799999999998,
			-50.482999999999997,
			0.22800000000000001
		]
	],
	"mesh_triangles": [
		[
			3,
			0,
			1
		],
		[
			1,
			2,
			3
		]
	]
}