{
	"component": "Component_02",
	"action": "excavate",
	"polygon_key": "cap_polygon",
	"success": true,
	"error": "",
	"actor_name": "FromLZ_ReconstructedFace_Press_01_Component_02",
	"cap_width": 1716,
	"cap_height": 1273,
	"faces_width": 1716,
	"faces_height": 1273,
	"cap_mask_pixels": 53409,
	"min_overlap_pixels": 2671,
	"green_line_vector_2d": [
		-0.85026514668786179,
		0.5263546146162954
	],
	"green_line_vectors_2d": [
		[
			-0.31622776601683794,
			0.94868329805051377
		],
		[
			-0.85026514668786179,
			0.5263546146162954
		],
		[
			-0.44721359549995793,
			0.89442719099991586
		]
	],
	"normal_parallel_threshold_degrees": 30,
	"selected_face_id": 1,
	"selected_plane_hit_3d": [
		-306.52178001357095,
		-49.940061522541555,
		233.30088464769295
	],
	"candidates": [
		{
			"face_id": 1,
			"overlap_pixels": 53409,
			"overlap_ratio": 1,
			"mask_centroid_2d": [
				796.8212379935967,
				642.2242974030595
			],
			"has_plane_hit": true,
			"plane_hit_3d": [
				-306.52178001357095,
				-49.940061522541555,
				233.30088464769295
			],
			"distance_to_camera": 849.6820017915187,
			"has_projected_normal": true,
			"projected_normal_2d": [
				-0.87168280911917506,
				0.49007048501833289
			],
			"normal_green_angle_degrees": 2.414265629297454,
			"normal_parallel_pass": true
		}
	],
	"mesh_vertices_world": [
		[
			498.84199999999998,
			-50.988999999999997,
			500.18299999999999
		],
		[
			-499.22300000000001,
			-50.012999999999998,
			499.74599999999998
		],
		[
			-498.83300000000003,
			-49.524999999999999,
			0.14000000000000001
		],
		[
			499.23099999999999,
			-50.500999999999998,
			0.57799999999999996
		]
	],
	"mesh_triangles": [
		[
			3,
			0,
			1
		],
		[
			1,
			2,
			3
		]
	]
}