{
	"component": "Component_02",
	"action": "attach",
	"polygon_key": "cap_polygon_translated",
	"success": true,
	"error": "",
	"actor_name": "FromLZ_ReconstructedFace_Press_01_Component_02",
	"cap_width": 1720,
	"cap_height": 1222,
	"faces_width": 1720,
	"faces_height": 1222,
	"cap_mask_pixels": 42313,
	"min_overlap_pixels": 2116,
	"green_line_vector_2d": [
		0.82404192419936761,
		-0.56652882288706519
	],
	"green_line_vectors_2d": [
		[
			0.82404192419936761,
			-0.56652882288706519
		],
		[
			1,
			0
		],
		[
			0.88813023448368777,
			-0.45959186959295728
		],
		[
			0.44721359549995793,
			-0.89442719099991586
		],
		[
			0.78086880944303039,
			-0.62469504755442429
		],
		[
			0.31622776601683794,
			-0.94868329805051377
		],
		[
			-0.94868329805051377,
			0.31622776601683794
		],
		[
			0.66162163708684629,
			-0.74983785536509251
		],
		[
			-0.78549167222753558,
			0.61887222660351293
		],
		[
			0,
			-1
		]
	],
	"normal_parallel_threshold_degrees": 10,
	"selected_face_id": 1,
	"selected_plane_hit_3d": [
		158.58471691194657,
		-50.384942676177616,
		267.10107510591013
	],
	"candidates": [
		{
			"face_id": 1,
			"overlap_pixels": 37914,
			"overlap_ratio": 0.89603667903481199,
			"mask_centroid_2d": [
				616.06253626628677,
				552.4618874294456
			],
			"has_plane_hit": true,
			"plane_hit_3d": [
				158.58471691194657,
				-50.384942676177616,
				267.10107510591013
			],
			"distance_to_camera": 799.63347048963237,
			"has_projected_normal": true,
			"projected_normal_2d": [
				0.7208199611810554,
				-0.69312234386357929
			],
			"normal_green_angle_degrees": 4.6985538816344183,
			"normal_parallel_pass": true
		},
		{
			"face_id": 6,
			"overlap_pixels": 3639,
			"overlap_ratio": 0.086001937938694969,
			"mask_centroid_2d": [
				524.62283594394057,
				566.84075295410821
			],
			"has_plane_hit": true,
			"plane_hit_3d": [
				229.9234363546455,
				-92.830342099149902,
				259.0394904200262
			],
			"distance_to_camera": 814.56543237574101,
			"has_projected_normal": true,
			"projected_normal_2d": [
				0.99120674551652843,
				0.1323222870212426
			],
			"normal_green_angle_degrees": 7.6038090839609254,
			"normal_parallel_pass": true
		}
	],
	"mesh_vertices_world": [
		[
			499.51400000000001,
			-50.945,
			499.63799999999998
		],
		[
			-499.53899999999999,
			-49.969000000000001,
			499.81099999999998
		],
		[
			-499.358,
			-49.481000000000002,
			-0.062
		],
		[
			499.69499999999999,
			-50.457999999999998,
			0.72099999999999997
		]
	],
	"mesh_triangles": [
		[
			3,
			0,
			1
		],
		[
			1,
			2,
			3
		]
	]
}