{
	"component": "Component_02",
	"action": "attach",
	"source_polygon_key": "cap_polygon_translated",
	"copied_polygon_key": "cap_polygon",
	"success": true,
	"error": "",
	"warning": "",
	"actor_name": "FromLZ_ReconstructedSolid_Press_01_Component_02",
	"cap_width": 1720,
	"cap_height": 1222,
	"faces_width": 1720,
	"faces_height": 1222,
	"selected_source_face_id": 1,
	"source_plane_point": [
		-8.1750000000000007,
		-50.231000000000002,
		250.125
	],
	"source_plane_normal": [
		-0.00097999905880935588,
		-0.99999903960138359,
		-0.00097999905880935588
	],
	"oriented_normal_source_to_copied": [
		-0.00097999905880935588,
		-0.99999903960138359,
		-0.00097999905880935588
	],
	"source_to_copied_vector_2d": [
		-133,
		111
	],
	"projected_oriented_normal_2d": [
		-0.47963482687545633,
		0.87746819477867732
	],
	"extrusion_depth": 491.10088044645624,
	"max_depth_sample_reprojection_error_pixels": 129.92545939884144,
	"mean_copied_reprojection_error_pixels": 63.463804122388431,
	"max_copied_reprojection_error_pixels": 63.463804122388545,
	"depth_samples": [
		{
			"index": 0,
			"valid": true,
			"error": "",
			"source_pixel_2d": [
				697,
				456
			],
			"copied_pixel_2d": [
				564,
				567
			],
			"source_world": [
				121.64136130262379,
				-50.576789820127715,
				473.1553939295203
			],
			"point_on_extrusion": [
				121.16008290200583,
				-541.67719861397791,
				472.67411552890235
			],
			"point_on_copied_ray": [
				121.16008290200583,
				-541.67719861397791,
				472.67411552890235
			],
			"depth": 491.10088044645624,
			"closest_world_distance": 0,
			"reprojection_error_pixels": 63.463804122388503
		},
		{
			"index": 1,
			"valid": true,
			"error": "",
			"source_pixel_2d": [
				689,
				539
			],
			"copied_pixel_2d": [
				556,
				650
			],
			"source_world": [
				128.86800122642515,
				-50.508384601320586,
				396.12751032507197
			],
			"point_on_extrusion": [
				128.38672282580717,
				-541.60879339517078,
				395.64623192445401
			],
			"point_on_copied_ray": [
				128.38672282580717,
				-541.60879339517078,
				395.64623192445401
			],
			"depth": 491.10088044645624,
			"closest_world_distance": 0,
			"reprojection_error_pixels": 63.463804122388453
		},
		{
			"index": 2,
			"valid": true,
			"error": "",
			"source_pixel_2d": [
				690,
				539
			],
			"copied_pixel_2d": [
				557,
				650
			],
			"source_world": [
				127.9660155845681,
				-50.507533962230582,
				396.16149689545614
			],
			"point_on_extrusion": [
				127.48473718395013,
				-541.60794275608077,
				395.68021849483819
			],
			"point_on_copied_ray": [
				127.48473718395013,
				-541.60794275608077,
				395.68021849483819
			],
			"depth": 491.10088044645624,
			"closest_world_distance": 0,
			"reprojection_error_pixels": 63.463804122388346
		},
		{
			"index": 3,
			"valid": true,
			"error": "",
			"source_pixel_2d": [
				690,
				631
			],
			"copied_pixel_2d": [
				557,
				742
			],
			"source_world": [
				127.97793655544609,
				-50.424168293549656,
				311.08256706646182
			],
			"point_on_extrusion": [
				127.49665815482813,
				-541.52457708739985,
				310.60128866584387
			],
			"point_on_copied_ray": [
				127.49665815482813,
				-541.52457708739985,
				310.60128866584387
			],
			"depth": 491.10088044645624,
			"closest_world_distance": 0,
			"reprojection_error_pixels": 63.463804122388403
		},
		{
			"index": 4,
			"valid": true,
			"error": "",
			"source_pixel_2d": [
				691,
				646
			],
			"copied_pixel_2d": [
				558,
				757
			],
			"source_world": [
				127.07789455014516,
				-50.409725425870192,
				297.24498899081425
			],
			"point_on_extrusion": [
				126.59661614952719,
				-541.51013421972038,
				296.7637105901963
			],
			"point_on_copied_ray": [
				126.59661614952719,
				-541.51013421972038,
				296.7637105901963
			],
			"depth": 491.10088044645624,
			"closest_world_distance": 0,
			"reprojection_error_pixels": 63.463804122388247
		},
		{
			"index": 5,
			"valid": true,
			"error": "",
			"source_pixel_2d": [
				615,
				651
			],
			"copied_pixel_2d": [
				482,
				762
			],
			"source_world": [
				195.62945121013985,
				-50.469843253850399,
				290.03815475960835
			],
			"point_on_extrusion": [
				195.14817280952187,
				-541.57025204770048,
				289.55687635899039
			],
			"point_on_copied_ray": [
				195.14817280952187,
				-541.57025204770048,
				289.55687635899039
			],
			"depth": 491.10088044645624,
			"closest_world_distance": 0,
			"reprojection_error_pixels": 63.463804122388453
		},
		{
			"index": 6,
			"valid": true,
			"error": "",
			"source_pixel_2d": [
				586,
				649
			],
			"copied_pixel_2d": [
				453,
				760
			],
			"source_world": [
				221.78677567245612,
				-50.496324084606954,
				290.9020861712724
			],
			"point_on_extrusion": [
				221.30549727183814,
				-541.59673287845703,
				290.42080777065445
			],
			"point_on_copied_ray": [
				221.30549727183814,
				-541.59673287845703,
				290.42080777065445
			],
			"depth": 491.10088044645624,
			"closest_world_distance": 0,
			"reprojection_error_pixels": 63.463804122388396
		},
		{
			"index": 7,
			"valid": true,
			"error": "",
			"source_pixel_2d": [
				496,
				650
			],
			"copied_pixel_2d": [
				363,
				761
			],
			"source_world": [
				302.96561301536917,
				-50.571975454138283,
				286.91852386029689
			],
			"point_on_extrusion": [
				302.48433461475122,
				-541.67238424798848,
				286.43724545967893
			],
			"point_on_copied_ray": [
				302.48433461475122,
				-541.67238424798848,
				286.43724545967893
			],
			"depth": 491.10088044645624,
			"closest_world_distance": 0,
			"reprojection_error_pixels": 63.463804122388403
		},
		{
			"index": 8,
			"valid": true,
			"error": "",
			"source_pixel_2d": [
				495,
				580
			],
			"copied_pixel_2d": [
				362,
				691
			],
			"source_world": [
				303.85852835329746,
				-50.636256493311635,
				351.61850563806053
			],
			"point_on_extrusion": [
				303.37724995267951,
				-541.73666528716171,
				351.13722723744257
			],
			"point_on_copied_ray": [
				303.37724995267951,
				-541.73666528716171,
				351.13722723744257
			],
			"depth": 491.10088044645624,
			"closest_world_distance": 0,
			"reprojection_error_pixels": 63.463804122388403
		},
		{
			"index": 9,
			"valid": true,
			"error": "",
			"source_pixel_2d": [
				497,
				546
			],
			"copied_pixel_2d": [
				364,
				657
			],
			"source_world": [
				302.05015149338902,
				-50.665364266600591,
				383.12869197650065
			],
			"point_on_extrusion": [
				301.56887309277107,
				-541.76577306045078,
				382.64741357588269
			],
			"point_on_copied_ray": [
				301.56887309277107,
				-541.76577306045078,
				382.64741357588269
			],
			"depth": 491.10088044645624,
			"closest_world_distance": 0,
			"reprojection_error_pixels": 63.463804122388503
		},
		{
			"index": 10,
			"valid": true,
			"error": "",
			"source_pixel_2d": [
				493,
				454
			],
			"copied_pixel_2d": [
				360,
				565
			],
			"source_world": [
				305.64617308993962,
				-50.75213249164176,
				468.07167552395822
			],
			"point_on_extrusion": [
				305.16489468932167,
				-541.85254128549195,
				467.59039712334027
			],
			"point_on_copied_ray": [
				305.16489468932167,
				-541.85254128549195,
				467.59039712334027
			],
			"depth": 491.10088044645624,
			"closest_world_distance": 0,
			"reprojection_error_pixels": 63.463804122388453
		},
		{
			"index": 11,
			"valid": true,
			"error": "",
			"source_pixel_2d": [
				621,
				427
			],
			"copied_pixel_2d": [
				488,
				538
			],
			"source_world": [
				190.18851238642446,
				-50.667716699576999,
				497.39077289598629
			],
			"point_on_extrusion": [
				189.70723398580648,
				-541.76812549342708,
				496.90949449536834
			],
			"point_on_copied_ray": [
				189.70723398580648,
				-541.76812549342708,
				496.90949449536834
			],
			"depth": 491.10088044645624,
			"closest_world_distance": 0,