{
	"component": "Component_02",
	"action": "attach",
	"source_polygon_key": "cap_polygon_translated",
	"copied_polygon_key": "cap_polygon",
	"success": true,
	"error": "",
	"warning": "",
	"actor_name": "FromLZ_ReconstructedSolid_Press_01_Component_02",
	"cap_width": 1720,
	"cap_height": 1222,
	"faces_width": 1720,
	"faces_height": 1222,
	"selected_source_face_id": 1,
	"source_plane_point": [
		-10.34,
		-50.203000000000003,
		250.37
	],
	"source_plane_normal": [
		-0.00097999905880935588,
		-0.99999903960138359,
		-0.00097999905880935588
	],
	"oriented_normal_source_to_copied": [
		-0.00097999905880935588,
		-0.99999903960138359,
		-0.00097999905880935588
	],
	"source_to_copied_vector_2d": [
		-144,
		99
	],
	"projected_oriented_normal_2d": [
		-0.7208199611810554,
		0.69312234386357929
	],
	"extrusion_depth": 319.36018418658142,
	"max_depth_sample_reprojection_error_pixels": 131.06129291289631,
	"mean_copied_reprojection_error_pixels": 28.44844135943093,
	"max_copied_reprojection_error_pixels": 28.448441359431083,
	"depth_samples": [
		{
			"index": 0,
			"valid": true,
			"error": "",
			"source_pixel_2d": [
				699,
				438
			],
			"copied_pixel_2d": [
				555,
				537
			],
			"source_world": [
				79.552650760501223,
				-50.424936808067173,
				386.94347992039889
			],
			"point_on_extrusion": [
				79.239678080577193,
				-369.78481428156954,
				386.63050724047486
			],
			"point_on_copied_ray": [
				79.239678080577193,
				-369.78481428156954,
				386.63050724047486
			],
			"depth": 319.36018418658142,
			"closest_world_distance": 0,
			"reprojection_error_pixels": 28.448441359430962
		},
		{
			"index": 1,
			"valid": true,
			"error": "",
			"source_pixel_2d": [
				708,
				437
			],
			"copied_pixel_2d": [
				564,
				536
			],
			"source_world": [
				70.980422220868689,
				-50.418583135413655,
				389.03236901760033
			],
			"point_on_extrusion": [
				70.667449540944659,
				-369.77846060891602,
				388.7193963376763
			],
			"point_on_copied_ray": [
				70.667449540944659,
				-369.77846060891602,
				388.7193963376763
			],
			"depth": 319.36018418658142,
			"closest_world_distance": 0,
			"reprojection_error_pixels": 28.448441359430962
		},
		{
			"index": 2,
			"valid": true,
			"error": "",
			"source_pixel_2d": [
				708,
				468
			],
			"copied_pixel_2d": [
				564,
				567
			],
			"source_world": [
				70.991212490383475,
				-50.389557081284124,
				359.40315616688252
			],
			"point_on_extrusion": [
				70.678239810459445,
				-369.74943455478649,
				359.09018348695849
			],
			"point_on_copied_ray": [
				70.678239810459445,
				-369.74943455478649,
				359.09018348695849
			],
			"depth": 319.36018418658142,
			"closest_world_distance": 0,
			"reprojection_error_pixels": 28.448441359430962
		},
		{
			"index": 3,
			"valid": true,
			"error": "",
			"source_pixel_2d": [
				701,
				544
			],
			"copied_pixel_2d": [
				557,
				643
			],
			"source_world": [
				77.684684194906055,
				-50.324066430101539,
				285.88248937824915
			],
			"point_on_extrusion": [
				77.371711514982024,
				-369.6839439036039,
				285.56951669832512
			],
			"point_on_copied_ray": [
				77.371711514982024,
				-369.6839439036039,
				285.56951669832512
			],
			"depth": 319.36018418658142,
			"closest_world_distance": 0,
			"reprojection_error_pixels": 28.448441359431047
		},
		{
			"index": 4,
			"valid": true,
			"error": "",
			"source_pixel_2d": [
				700,
				658
			],
			"copied_pixel_2d": [
				556,
				757
			],
			"source_world": [
				78.676795703799456,
				-50.218135456515483,
				176.79754767932809
			],
			"point_on_extrusion": [
				78.363823023875426,
				-369.57801293001785,
				176.48457499940406
			],
			"point_on_copied_ray": [
				78.363823023875426,
				-369.57801293001785,
				176.48457499940406
			],
			"depth": 319.36018418658142,
			"closest_world_distance": 0,
			"reprojection_error_pixels": 28.448441359430966
		},
		{
			"index": 5,
			"valid": true,
			"error": "",
			"source_pixel_2d": [
				621,
				664
			],
			"copied_pixel_2d": [
				477,
				763
			],
			"source_world": [
				153.9209460149898,
				-50.276507484048921,
				161.11669076972794
			],
			"point_on_extrusion": [
				153.60797333506576,
				-369.63638495755129,
				160.80371808980391
			],
			"point_on_copied_ray": [
				153.60797333506576,
				-369.63638495755129,
				160.80371808980391
			],
			"depth": 319.36018418658142,
			"closest_world_distance": 0,
			"reprojection_error_pixels": 28.448441359431001
		},
		{
			"index": 6,
			"valid": true,
			"error": "",
			"source_pixel_2d": [
				507,
				662
			],
			"copied_pixel_2d": [
				363,
				761
			],
			"source_world": [
				262.4974024432525,
				-50.370720094453532,
				148.67555108078454
			],
			"point_on_extrusion": [
				262.18442976332847,
				-369.7305975679559,
				148.36257840086051
			],
			"point_on_copied_ray": [
				262.18442976332847,
				-369.7305975679559,
				148.36257840086051
			],
			"depth": 319.36018418658142,
			"closest_world_distance": 0,
			"reprojection_error_pixels": 28.448441359431083
		},
		{
			"index": 7,
			"valid": true,
			"error": "",
			"source_pixel_2d": [
				506,
				592
			],
			"copied_pixel_2d": [
				362,
				691
			],
			"source_world": [
				263.42546848147748,
				-50.437072796991288,
				215.45432436676907
			],
			"point_on_extrusion": [
				263.11249580155345,
				-369.79695027049365,
				215.14135168684504
			],
			"point_on_copied_ray": [
				263.11249580155345,
				-369.79695027049365,
				215.14135168684504
			],
			"depth": 319.36018418658142,
			"closest_world_distance": 0,
			"reprojection_error_pixels": 28.448441359430845
		},
		{
			"index": 8,
			"valid": true,
			"error": "",
			"source_pixel_2d": [
				508,
				558
			],
			"copied_pixel_2d": [
				364,
				657
			],
			"source_world": [
				261.50877166646058,
				-50.467287824772029,
				248.20268218269996
			],
			"point_on_extrusion": [
				261.19579898653654,
				-369.82716529827439,
				247.88970950277593
			],
			"point_on_copied_ray": [
				261.19579898653654,
				-369.82716529827439,
				247.88970950277593
			],
			"depth": 319.36018418658142,
			"closest_world_distance": 0,
			"reprojection_error_pixels": 28.448441359430962
		},
		{
			"index": 9,
			"valid": true,
			"error": "",
			"source_pixel_2d": [
				504,
				466
			],
			"copied_pixel_2d": [
				360,
				565
			],
			"source_world": [
				265.28647358286963,
				-50.556669661491924,
				335.63093610293026
			],
			"point_on_extrusion": [
				264.9735009029456,
				-369.91654713499429,
				335.31796342300623
			],
			"point_on_copied_ray": [
				264.9735009029456,
				-369.91654713499429,
				335.31796342300623
			],
			"depth": 319.36018418658142,
			"closest_world_distance": 0,
			"reprojection_error_pixels": 28.448441359430802
		},
		{
			"index": 10,
			"valid": true,
			"error": "",
			"source_pixel_2d": [
				536,
				459
			],
			"copied_pixel_2d": [
				392,
				558
			],
			"source_world": [
				234.80623985645244,
				-50.537303942516019,
				346.35023209861521
			],
			"point_on_extrusion": [
				234.49326717652841,
				-369.89718141601838,
				346.03725941869118
			],
			"point_on_copied_ray": [
				234.49326717652841,
				-369.89718141601838,
				346.03725941869118
			],
			"depth": 319.36018418658142,
			"closest_world_distance": 0,
			"reprojection_error_pixels": 28.448441359430806
		},
		{
			"index": 11,
			"valid": true,
			"error": "",
			"source_pixel_2d": [
				545,
				456
			],
			"copied_pixel_2d": [
				401,
				555
			],
			"source_world": [
				226.23331517039958,
				-50.532822918515876,
				350.35068331521774
			],
			"point_on_extrusion": [
				225.92034249047555,
				-369.89270039201824,
				350.03771063529371
			],
			"point_on_copied_ray": [
				225.92034249047555,
				-369.89270039201824,
				350.03771063529371
			],
			"depth": 319.36018418658142,
			"closest_world_distance": 0,
			"reprojection_error_pixels": 28.448441359430966
		},
		{
			"index": 12,