{
	"component": "Component_02",
	"action": "attach",
	"source_polygon_key": "cap_polygon_translated",
	"copied_polygon_key": "cap_polygon",
	"success": true,
	"error": "",
	"warning": "",
	"actor_name": "FromLZ_ReconstructedSolid_Press_05_Component_02",
	"cap_width": 1720,
	"cap_height": 1222,
	"faces_width": 1720,
	"faces_height": 1222,
	"selected_source_face_id": 3,
	"source_plane_point": [
		280.04000000000002,
		-140.203,
		260.10399999999998
	],
	"source_plane_normal": [
		-0.00097999905880935588,
		-0.99999903960138359,
		-0.00097999905880935588
	],
	"oriented_normal_source_to_copied": [
		-0.00097999905880935588,
		-0.99999903960138359,
		-0.00097999905880935588
	],
	"source_to_copied_vector_2d": [
		-144,
		99
	],
	"projected_oriented_normal_2d": [
		-0.37350796078809434,
		0.92762697418084994
	],
	"extrusion_depth": 255.45119059989545,
	"max_depth_sample_reprojection_error_pixels": 131.06129291289631,
	"mean_copied_reprojection_error_pixels": 96.600996164021026,
	"max_copied_reprojection_error_pixels": 96.600996164021069,
	"depth_samples": [
		{
			"index": 0,
			"valid": true,
			"error": "",
			"source_pixel_2d": [
				708,
				468
			],
			"copied_pixel_2d": [
				564,
				567
			],
			"source_world": [
				140.39723265056173,
				-140.20148282213023,
				398.19862666608259
			],
			"point_on_extrusion": [
				140.14689072420211,
				-395.65242808705568,
				397.94828473972296
			],
			"point_on_copied_ray": [
				140.14689072420211,
				-395.65242808705568,
				397.94828473972296
			],
			"depth": 255.45119059989545,
			"closest_world_distance": 0,
			"reprojection_error_pixels": 96.600996164021069
		},
		{
			"index": 1,
			"valid": true,
			"error": "",
			"source_pixel_2d": [
				703,
				516
			],
			"copied_pixel_2d": [
				559,
				615
			],
			"source_world": [
				144.9547359288045,
				-140.15757034323877,
				348.83247145775158
			],
			"point_on_extrusion": [
				144.70439400244487,
				-395.60851560816423,
				348.58212953139196
			],
			"point_on_copied_ray": [
				144.70439400244487,
				-395.60851560816423,
				348.58212953139196
			],
			"depth": 255.45119059989545,
			"closest_world_distance": 0,
			"reprojection_error_pixels": 96.600996164021055
		},
		{
			"index": 2,
			"valid": true,
			"error": "",
			"source_pixel_2d": [
				702,
				540
			],
			"copied_pixel_2d": [
				558,
				639
			],
			"source_world": [
				145.86903462800552,
				-140.13441617430658,
				324.29146976645944
			],
			"point_on_extrusion": [
				145.6186927016459,
				-395.58536143923203,
				324.04112784009982
			],
			"point_on_copied_ray": [
				145.6186927016459,
				-395.58536143923203,
				324.04112784009982
			],
			"depth": 255.45119059989545,
			"closest_world_distance": 0,
			"reprojection_error_pixels": 96.600996164021012
		},
		{
			"index": 3,
			"valid": true,
			"error": "",
			"source_pixel_2d": [
				700,
				540
			],
			"copied_pixel_2d": [
				556,
				639
			],
			"source_world": [
				147.68830521456596,
				-140.13601341362187,
				324.10203521596196
			],
			"point_on_extrusion": [
				147.43796328820633,
				-395.58695867854732,
				323.85169328960234
			],
			"point_on_copied_ray": [
				147.43796328820633,
				-395.58695867854732,
				323.85169328960234
			],
			"depth": 255.45119059989545,
			"closest_world_distance": 0,
			"reprojection_error_pixels": 96.600996164021012
		},
		{
			"index": 4,
			"valid": true,
			"error": "",
			"source_pixel_2d": [
				700,
				658
			],
			"copied_pixel_2d": [
				556,
				757
			],
			"source_world": [
				147.71123362701002,
				-140.01824553638812,
				203.90780350374769
			],
			"point_on_extrusion": [
				147.46089170065039,
				-395.46919080131357,
				203.65746157738806
			],
			"point_on_copied_ray": [
				147.46089170065039,
				-395.46919080131357,
				203.65746157738806
			],
			"depth": 255.45119059989545,
			"closest_world_distance": 0,
			"reprojection_error_pixels": 96.600996164021012
		},
		{
			"index": 5,
			"valid": true,
			"error": "",
			"source_pixel_2d": [
				621,
				664
			],
			"copied_pixel_2d": [
				477,
				763
			],
			"source_world": [
				219.57358764762708,
				-140.07534829219662,
				190.31356765508752
			],
			"point_on_extrusion": [
				219.32324572126745,
				-395.52629355712207,
				190.0632257287279
			],
			"point_on_copied_ray": [
				219.32324572126745,
				-395.52629355712207,
				190.0632257287279
			],
			"depth": 255.45119059989545,
			"closest_world_distance": 0,
			"reprojection_error_pixels": 96.600996164021055
		},
		{
			"index": 6,
			"valid": true,
			"error": "",
			"source_pixel_2d": [
				507,
				662
			],
			"copied_pixel_2d": [
				363,
				761
			],
			"source_world": [
				323.27162246441145,
				-140.16838699888683,
				181.55298864473662
			],
			"point_on_extrusion": [
				323.02128053805183,
				-395.61933226381228,
				181.30264671837699
			],
			"point_on_copied_ray": [
				323.02128053805183,
				-395.61933226381228,
				181.30264671837699
			],
			"depth": 255.45119059989545,
			"closest_world_distance": 0,
			"reprojection_error_pixels": 96.600996164020899
		},
		{
			"index": 7,
			"valid": true,
			"error": "",
			"source_pixel_2d": [
				506,
				592
			],
			"copied_pixel_2d": [
				362,
				691
			],
			"source_world": [
				324.16765615708914,
				-140.23904791859854,
				252.75993424961507
			],
			"point_on_extrusion": [
				323.91731423072952,
				-395.689993183524,
				252.50959232325545
			],
			"point_on_copied_ray": [
				323.91731423072952,
				-395.689993183524,
				252.50959232325545
			],
			"depth": 255.45119059989545,
			"closest_world_distance": 0,
			"reprojection_error_pixels": 96.600996164021012
		},
		{
			"index": 8,
			"valid": true,
			"error": "",
			"source_pixel_2d": [
				508,
				558
			],
			"copied_pixel_2d": [
				364,
				657
			],
			"source_world": [
				322.34177907880758,
				-140.27138379645226,
				287.58160505617434
			],
			"point_on_extrusion": [
				322.09143715244795,
				-395.72232906137771,
				287.33126312981472
			],
			"point_on_copied_ray": [
				322.09143715244795,
				-395.72232906137771,
				287.33126312981472
			],
			"depth": 255.45119059989545,
			"closest_world_distance": 0,
			"reprojection_error_pixels": 96.600996164021012
		},
		{
			"index": 9,
			"valid": true,
			"error": "",
			"source_pixel_2d": [
				504,
				466
			],
			"copied_pixel_2d": [
				360,
				565
			],
			"source_world": [
				325.96244386256529,
				-140.36639729801095,
				380.91349288334652
			],
			"point_on_extrusion": [
				325.71210193620567,
				-395.8173425629364,
				380.6631509569869
			],
			"point_on_copied_ray": [
				325.71210193620567,
				-395.8173425629364,
				380.6631509569869
			],
			"depth": 255.45119059989545,
			"closest_world_distance": 0,
			"reprojection_error_pixels": 96.600996164020955
		},
		{
			"index": 10,
			"valid": true,
			"error": "",
			"source_pixel_2d": [
				632,
				439
			],
			"copied_pixel_2d": [
				488,
				538
			],
			"source_world": [
				209.52387999103703,
				-140.29112086899272,
				420.53937408323208
			],
			"point_on_extrusion": [
				209.27353806467741,
				-395.74206613391817,
				420.28903215687245
			],
			"point_on_copied_ray": [
				209.27353806467741,
				-395.74206613391817,
				420.28903215687245
			],
			"depth": 255.45119059989545,
			"closest_world_distance": 0,
			"reprojection_error_pixels": 96.600996164021055
		},
		{
			"index": 11,
			"valid": true,
			"error": "",
			"source_pixel_2d": [
				699,
				438
			],
			"copied_pixel_2d": [
				555,
				537
			],
			"source_world": [
				148.5781210326827,
				-140.23861138478674,
				427.90402670889853
			],
			"point_on_extrusion": [
				148.32777910632308,
				-395.68955664971219,
				427.6536847825389
			],
			"point_on_copied_ray": [
				148.32777910632308,
				-395.68955664971219,
				427.6536847825389
			],
			"depth": 255.45119059989545,
			"closest_world_distance": 0,
			"reprojection_error_pixels": 96.600996164021012
		},
		{
			"index": 12,