{
	"component": "Component_01",
	"action": "excavate",
	"polygon_key": "cap_polygon",
	"success": true,
	"error": "",
	"actor_name": "FromLZ_ReconstructedFace_Press_01_Component_01",
	"cap_width": 1720,
	"cap_height": 1222,
	"faces_width": 1720,
	"faces_height": 1222,
	"cap_mask_pixels": 80185,
	"min_overlap_pixels": 4010,
	"green_line_vector_2d": [
		-0.89708903366019022,
		0.44184982254904892
	],
	"green_line_vectors_2d": [
		[
			0.94868329805051377,
			-0.31622776601683794
		],
		[
			0,
			-1
		],
		[
			-0.97251149691521388,
			0.23285486545857234
		],
		[
			-0.94868329805051377,
			-0.31622776601683794
		],
		[
			-0.89708903366019022,
			0.44184982254904892
		],
		[
			-0.40613846605344767,
			0.91381154862025726
		]
	],
	"normal_parallel_threshold_degrees": 10,
	"selected_face_id": 1,
	"selected_plane_hit_3d": [
		-271.02311588921594,
		-50.128123534894598,
		407.99713108765803
	],
	"candidates": [
		{
			"face_id": 0,
			"overlap_pixels": 11077,
			"overlap_ratio": 0.13814304421026377,
			"mask_centroid_2d": [
				1205.0161144714273,
				383.82246998284734
			],
			"has_plane_hit": true,
			"plane_hit_3d": [
				-42.609124144038049,
				2005.6640237483934,
				0.69544384161235939
			],
			"distance_to_camera": 2975.4231109528191,
			"has_projected_normal": true,
			"projected_normal_2d": [
				0.00086099085517657306,
				-0.99999962934730513
			],
			"normal_green_angle_degrees": 0.049331148284529315,
			"normal_parallel_pass": true
		},
		{
			"face_id": 1,
			"overlap_pixels": 61539,
			"overlap_ratio": 0.76746274240818113,
			"mask_centroid_2d": [
				1132.3458213490633,
				542.45835161442335
			],
			"has_plane_hit": true,
			"plane_hit_3d": [
				-271.02311588921594,
				-50.128123534894598,
				407.99713108765803
			],
			"distance_to_camera": 886.37064529834436,
			"has_projected_normal": true,
			"projected_normal_2d": [
				-0.47963482687545644,
				0.87746819477867755
			],
			"normal_green_angle_degrees": 4.6990657253178592,
			"normal_parallel_pass": true
		},
		{
			"face_id": 2,
			"overlap_pixels": 7569,
			"overlap_ratio": 0.094394213381555153,
			"mask_centroid_2d": [
				1172.6199630070023,
				430.86305984938565
			],
			"has_plane_hit": true,
			"plane_hit_3d": [
				-300.59782343845336,
				-2.8758852951377776,
				499.75790838544111
			],
			"distance_to_camera": 925.4088863831854,
			"has_projected_normal": true,
			"projected_normal_2d": [
				0.00086099085517657306,
				-0.99999962934730513
			],
			"normal_green_angle_degrees": 0.049331148284529315,
			"normal_parallel_pass": true
		}
	],
	"mesh_vertices_world": [
		[
			499.56799999999998,
			-50.970999999999997,
			499.60399999999998
		],
		[
			-499.827,
			-49.994,
			499.34699999999998
		],
		[
			-499.75700000000001,
			-49.506,
			-0.029000000000000001
		],
		[
			499.63799999999998,
			-50.482999999999997,
			0.22800000000000001
		]
	],
	"mesh_triangles": [
		[
			3,
			0,
			1
		],
		[
			1,
			2,
			3
		]
	]
}