{
	"component": "Component_01",
	"action": "excavate",
	"polygon_key": "cap_polygon",
	"success": false,
	"error": "No 5% mask-overlap candidate passed the 10 degree normal-to-green-line parallel filter",
	"actor_name": "FromLZ_ReconstructedFace_Press_01_Component_01",
	"cap_width": 1720,
	"cap_height": 1222,
	"faces_width": 1720,
	"faces_height": 1222,
	"cap_mask_pixels": 80228,
	"min_overlap_pixels": 4012,
	"green_line_vector_2d": [
		-0.89708903366019022,
		0.44184982254904892
	],
	"green_line_vectors_2d": [
		[
			0.9908301680442988,
			-0.13511320473331348
		],
		[
			0.55470019622522915,
			-0.83205029433784372
		],
		[
			0.95072983948147882,
			-0.31002059983091701
		],
		[
			-0.94868329805051377,
			-0.31622776601683794
		],
		[
			-0.97251149691521388,
			0.23285486545857234
		],
		[
			-0.94868329805051377,
			-0.31622776601683794
		],
		[
			-0.89708903366019022,
			0.44184982254904892
		],
		[
			-0.40613846605344767,
			0.91381154862025726
		]
	],
	"normal_parallel_threshold_degrees": 10,
	"selected_face_id": -1,
	"selected_plane_hit_3d": [
		0,
		0,
		0
	],
	"candidates": [
		{
			"face_id": 1,
			"overlap_pixels": 74254,
			"overlap_ratio": 0.92553721892606078,
			"mask_centroid_2d": [
				1141.122094432623,
				521.33226492848871
			],
			"has_plane_hit": true,
			"plane_hit_3d": [
				-341.50920407061722,
				-49.988792033059894,
				362.9596459685024
			],
			"distance_to_camera": 629.1435096831342,
			"has_projected_normal": true,
			"projected_normal_2d": [
				0.7208199611810554,
				-0.69312234386357929
			],
			"normal_green_angle_degrees": 12.432151980657347,
			"normal_parallel_pass": false
		},
		{
			"face_id": 2,
			"overlap_pixels": 5801,
			"overlap_ratio": 0.072306426683950736,
			"mask_centroid_2d": [
				1208.4596621272194,
				368.2636614376832
			],
			"has_plane_hit": true,
			"plane_hit_3d": [
				-389.16313906671917,
				-5.6014534232934352,
				499.69541097935979
			],
			"distance_to_camera": 664.79757808926979,
			"has_projected_normal": true,
			"projected_normal_2d": [
				-0.00061771122545078517,
				0.99999980921640286
			],
			"normal_green_angle_degrees": 23.92709672615122,
			"normal_parallel_pass": false
		}
	],
	"mesh_vertices_world": [],
	"mesh_triangles": []
}