{
	"component": "Component_01",
	"action": "attach",
	"polygon_key": "cap_polygon_translated",
	"success": true,
	"error": "",
	"actor_name": "FromLZ_ReconstructedFace_Press_01_Component_01",
	"cap_width": 1716,
	"cap_height": 1273,
	"faces_width": 1716,
	"faces_height": 1273,
	"cap_mask_pixels": 896,
	"min_overlap_pixels": 45,
	"green_line_vector_2d": [
		0.10653312363426524,
		0.99430915391980901
	],
	"green_line_vectors_2d": [
		[
			-1,
			0
		],
		[
			-0.44721359549995793,
			0.89442719099991586
		],
		[
			0.10653312363426524,
			0.99430915391980901
		],
		[
			0,
			1
		],
		[
			0.039968038348871575,
			0.99920095872178938
		],
		[
			0,
			1
		],
		[
			-1,
			0
		],
		[
			-0.89442719099991586,
			0.44721359549995793
		],
		[
			-0.44721359549995793,
			0.89442719099991586
		],
		[
			-0.84799830400508802,
			0.52999894000318004
		],
		[
			-0.97014250014533188,
			0.24253562503633297
		]
	],
	"normal_parallel_threshold_degrees": 30,
	"selected_face_id": 6,
	"selected_plane_hit_3d": [
		312.91028793235392,
		-66.550397891019429,
		310.28174617224045
	],
	"candidates": [
		{
			"face_id": 1,
			"overlap_pixels": 399,
			"overlap_ratio": 0.4453125,
			"mask_centroid_2d": [
				233.80576441102755,
				368.29197994987464
			],
			"has_plane_hit": true,
			"plane_hit_3d": [
				337.82968953153051,
				-50.643560711726309,
				306.8057305972286
			],
			"distance_to_camera": 1322.1136531401235,
			"has_projected_normal": true,
			"projected_normal_2d": [
				-0.87168280911917506,
				0.49007048501833289
			],
			"normal_green_angle_degrees": 2.660168752568103,
			"normal_parallel_pass": true
		},
		{
			"face_id": 6,
			"overlap_pixels": 497,
			"overlap_ratio": 0.5546875,
			"mask_centroid_2d": [
				244.47183098591552,
				378.78772635814892
			],
			"has_plane_hit": true,
			"plane_hit_3d": [
				312.91028793235392,
				-66.550397891019429,
				310.28174617224045
			],
			"distance_to_camera": 1292.7785733110488,
			"has_projected_normal": true,
			"projected_normal_2d": [
				-0.00017260210239705752,
				0.99999998510425714
			],
			"normal_green_angle_degrees": 0.0098893720098841738,
			"normal_parallel_pass": true
		}
	],
	"mesh_vertices_world": [
		[
			231.25399999999999,
			-50.423999999999999,
			310.21699999999998
		],
		[
			230.28999999999999,
			-139.137,
			310.13
		],
		[
			329.065,
			-138.803,
			310.226
		],
		[
			329.483,
			-52.210000000000001,
			310.31099999999998
		]
	],
	"mesh_triangles": [
		[
			3,
			0,
			1
		],
		[
			1,
			2,
			3
		]
	]
}