{
	"component": "Component_03",
	"action": "excavate",
	"source_polygon_key": "cap_polygon",
	"copied_polygon_key": "cap_polygon_translated_opposite",
	"success": true,
	"error": "",
	"warning": "",
	"actor_name": "FromLZ_ReconstructedSolid_Press_01_Component_03",
	"cap_width": 1716,
	"cap_height": 1273,
	"faces_width": 1716,
	"faces_height": 1273,
	"selected_source_face_id": 1,
	"attach_material_id_lookup_attempted": false,
	"attach_material_id_found": false,
	"attach_material_id_error": "",
	"source_plane_point": [
		-15.156000000000001,
		-50.243000000000002,
		251.05600000000001
	],
	"source_plane_normal": [
		-0.00097999905880935588,
		-0.99999903960138359,
		-0.00097999905880935588
	],
	"oriented_normal_source_to_copied": [
		0.00097999905880935588,
		0.99999903960138359,
		0.00097999905880935588
	],
	"source_to_copied_vector_2d": [
		67,
		-27
	],
	"projected_oriented_normal_2d": [
		0.87168280911917506,
		-0.49007048501833289
	],
	"extrusion_depth": 89.683841666351682,
	"max_depth_sample_reprojection_error_pixels": 54.176793925074605,
	"mean_copied_reprojection_error_pixels": 9.2992866500105418,
	"max_copied_reprojection_error_pixels": 9.299286650010643,
	"depth_samples": [
		{
			"index": 0,
			"valid": true,
			"error": "",
			"source_pixel_2d": [
				485,
				553
			],
			"copied_pixel_2d": [
				552,
				526
			],
			"source_world": [
				50.395616898690264,
				-50.268421036535415,
				211.44421630071884
			],
			"point_on_extrusion": [
				50.483506979113699,
				39.415334497578812,
				211.53210638114226
			],
			"point_on_copied_ray": [
				50.483506979113699,
				39.415334497578812,
				211.53210638114226
			],
			"depth": 89.683841666351682,
			"closest_world_distance": 0,
			"reprojection_error_pixels": 9.299286650010643
		},
		{
			"index": 1,
			"valid": true,
			"error": "",
			"source_pixel_2d": [
				438,
				539
			],
			"copied_pixel_2d": [
				505,
				512
			],
			"source_world": [
				104.1924113125782,
				-50.318454467177844,
				208.70194295029614
			],
			"point_on_extrusion": [
				104.28030139300164,
				39.365301066936382,
				208.78983303071956
			],
			"point_on_copied_ray": [
				104.28030139300164,
				39.365301066936382,
				208.78983303071956
			],
			"depth": 89.683841666351682,
			"closest_world_distance": 0,
			"reprojection_error_pixels": 9.2992866500106359
		},
		{
			"index": 2,
			"valid": true,
			"error": "",
			"source_pixel_2d": [
				429,
				543
			],
			"copied_pixel_2d": [
				496,
				516
			],
			"source_world": [
				114.4991554506409,
				-50.321485271307893,
				201.48785608795441
			],
			"point_on_extrusion": [
				114.58704553106433,
				39.362270262806334,
				201.57574616837783
			],
			"point_on_copied_ray": [
				114.58704553106433,
				39.362270262806334,
				201.57574616837783
			],
			"depth": 89.683841666351682,
			"closest_world_distance": 0,
			"reprojection_error_pixels": 9.2992866500103837
		},
		{
			"index": 3,
			"valid": true,
			"error": "",
			"source_pixel_2d": [
				429,
				557
			],
			"copied_pixel_2d": [
				496,
				530
			],
			"source_world": [
				114.51011579043472,
				-50.307759337730772,
				187.47084107754853
			],
			"point_on_extrusion": [
				114.59800587085816,
				39.375996196383454,
				187.55873115797195
			],
			"point_on_copied_ray": [
				114.59800587085816,
				39.375996196383454,
				187.55873115797195
			],
			"depth": 89.683841666351682,
			"closest_world_distance": 0,
			"reprojection_error_pixels": 9.2992866500105453
		},
		{
			"index": 4,
			"valid": true,
			"error": "",
			"source_pixel_2d": [
				422,
				615
			],
			"copied_pixel_2d": [
				489,
				588
			],
			"source_world": [
				122.56944383319836,
				-50.256302255330866,
				126.9042860961996
			],
			"point_on_extrusion": [
				122.6573339136218,
				39.427453278783361,
				126.99217617662303
			],
			"point_on_copied_ray": [
				122.6573339136218,
				39.427453278783361,
				126.99217617662303
			],
			"depth": 89.683841666351682,
			"closest_world_distance": 0,
			"reprojection_error_pixels": 9.299286650010588
		},
		{
			"index": 5,
			"valid": true,
			"error": "",
			"source_pixel_2d": [
				416,
				737
			],
			"copied_pixel_2d": [
				483,
				710
			],
			"source_world": [
				129.53403044062441,
				-50.141325548069403,
				2.6165288135599667
			],
			"point_on_extrusion": [
				129.62192052104783,
				39.542429986044823,
				2.7044188939833989
			],
			"point_on_copied_ray": [
				129.62192052104783,
				39.542429986044823,
				2.7044188939833989
			],
			"depth": 89.683841666351682,
			"closest_world_distance": 0,
			"reprojection_error_pixels": 9.2992866500104459
		},
		{
			"index": 6,
			"valid": true,
			"error": "",
			"source_pixel_2d": [
				560,
				790
			],
			"copied_pixel_2d": [
				627,
				763
			],
			"source_world": [
				-35.282278642957067,
				-49.978123094233524,
				0.89972173834672731
			],
			"point_on_extrusion": [
				-35.194388562533632,
				39.705632439880702,
				0.98761181877015924
			],
			"point_on_copied_ray": [
				-35.194388562533632,
				39.705632439880702,
				0.98761181877015924
			],
			"depth": 89.683841666351682,
			"closest_world_distance": 0,
			"reprojection_error_pixels": 9.299286650010389
		},
		{
			"index": 7,
			"valid": true,
			"error": "",
			"source_pixel_2d": [
				568,
				791
			],
			"copied_pixel_2d": [
				635,
				764
			],
			"source_world": [
				-44.440262528127391,
				-49.970962670906147,
				2.7511512078356191
			],
			"point_on_extrusion": [
				-44.352372447703956,
				39.71279286320808,
				2.8390412882590512
			],
			"point_on_copied_ray": [
				-44.352372447703956,
				39.71279286320808,
				2.8390412882590512
			],
			"depth": 89.683841666351682,
			"closest_world_distance": 0,
			"reprojection_error_pixels": 9.2992866500104885
		},
		{
			"index": 8,
			"valid": true,
			"error": "",
			"source_pixel_2d": [
				568,
				740
			],
			"copied_pixel_2d": [
				635,
				713
			],
			"source_world": [
				-44.480189480233207,
				-50.020964286080357,
				53.813134460028721
			],
			"point_on_extrusion": [
				-44.392299399809772,
				39.662791248033869,
				53.901024540452156
			],
			"point_on_copied_ray": [
				-44.392299399809772,
				39.662791248033869,
				53.901024540452156
			],
			"depth": 89.683841666351682,
			"closest_world_distance": 0,
			"reprojection_error_pixels": 9.299286650010643
		},
		{
			"index": 9,
			"valid": true,
			"error": "",
			"source_pixel_2d": [
				570,
				718
			],
			"copied_pixel_2d": [
				637,
				691
			],
			"source_world": [
				-46.787104562983586,
				-50.040988610397903,
				76.55303354036738
			],
			"point_on_extrusion": [
				-46.699214482560151,
				39.642766923716323,
				76.640923620790815
			],
			"point_on_copied_ray": [
				-46.699214482560151,
				39.642766923716323,
				76.640923620790815
			],
			"depth": 89.683841666351682,
			"closest_world_distance": 0,
			"reprojection_error_pixels": 9.299286650010643
		},
		{
			"index": 10,
			"valid": true,
			"error": "",
			"source_pixel_2d": [
				583,
				641
			],
			"copied_pixel_2d": [
				650,
				614
			],
			"source_world": [
				-61.730382427548079,
				-50.106438745884248,
				158.2821639420842
			],
			"point_on_extrusion": [
				-61.642492347124644,
				39.577316788229979,
				158.37005402250762
			],
			"point_on_copied_ray": [
				-61.642492347124644,
				39.577316788229979,
				158.37005402250762
			],
			"depth": 89.683841666351682,
			"closest_world_distance": 0,
			"reprojection_error_pixels": 9.299286650010643
		},
		{
			"index": 11,
			"valid": true,
			"error": "",
			"source_pixel_2d": [
				585,
				623
			],
			"copied_pixel_2d": [
				652,
				596
			],
			"source_world": [
				-64.034165984643437,
				-50.12254137489424,
				177.01720159087847
			],
			"point_on_extrusion": [
				-63.946275904220002,
				39.561214159219986,
				177.10509167130189
			],
			"point_on_copied_ray": [
				-63.946275904220002,
				39.561214159219986,
				177.10509167130189
			],