{
	"component": "Component_01",
	"action": "excavate",
	"polygon_key": "cap_polygon",
	"success": true,
	"error": "",
	"actor_name": "FromLZ_ReconstructedFace_Press_05_Component_01",
	"cap_width": 1720,
	"cap_height": 1222,
	"faces_width": 1720,
	"faces_height": 1222,
	"cap_mask_pixels": 80197,
	"min_overlap_pixels": 4010,
	"green_line_vector_2d": [
		-0.89708903366019022,
		0.44184982254904892
	],
	"green_line_vectors_2d": [
		[
			0.95782628522115143,
			-0.28734788556634544
		],
		[
			-0.94868329805051377,
			-0.31622776601683794
		],
		[
			-0.97251149691521388,
			0.23285486545857234
		],
		[
			-0.94868329805051377,
			-0.31622776601683794
		],
		[
			-0.89708903366019022,
			0.44184982254904892
		],
		[
			-0.40613846605344767,
			0.91381154862025726
		]
	],
	"normal_parallel_threshold_degrees": 10,
	"selected_face_id": 1,
	"selected_plane_hit_3d": [
		-238.83566515148388,
		-50.05619002839336,
		341.49246963445836
	],
	"candidates": [
		{
			"face_id": 1,
			"overlap_pixels": 77618,
			"overlap_ratio": 0.96784168983877206,
			"mask_centroid_2d": [
				1144.1260145842459,
				515.09309696204491
			],
			"has_plane_hit": true,
			"plane_hit_3d": [
				-238.83566515148388,
				-50.05619002839336,
				341.49246963445836
			],
			"distance_to_camera": 609.8658174722035,
			"has_projected_normal": true,
			"projected_normal_2d": [
				-0.3735079607880944,
				0.92762697418085016
			],
			"normal_green_angle_degrees": 2.0303632876584916,
			"normal_parallel_pass": true
		}
	],
	"mesh_vertices_world": [
		[
			498.94900000000001,
			-50.933,
			500.05399999999997
		],
		[
			-499.81099999999998,
			-49.956000000000003,
			499.13999999999999
		],
		[
			-499.71699999999998,
			-49.468000000000004,
			0.029000000000000001
		],
		[
			499.04399999999998,
			-50.445,
			0.94299999999999995
		]
	],
	"mesh_triangles": [
		[
			3,
			0,
			1
		],
		[
			1,
			2,
			3
		]
	]
}